{"cameraMode":{"drawMode":0,"name":"Shaded","section":"Shading Mode"},"sceneLighting":false,"audioPlay":false,"sceneViewState":{"showFog":true,"showMaterialUpdate":false,"showSkybox":false,"showFlares":true,"showImageEffects":true,"showParticleSystems":true,"showVisualEffectGraphs":true,"m_FxEnabled":true},"in2DMode":false,"pivot":{"x":2.2006707191467287,"y":3.9513425827026369,"z":18.356658935546876},"rotation":{"x":-0.0068998136557638649,"y":0.9918003082275391,"z":-0.11205068230628967,"w":-0.06107272952795029},"size":13.344863891601563,"orthographic":false}