{"cameraMode":{"drawMode":0,"name":"Shaded","section":"Shading Mode"},"sceneLighting":true,"audioPlay":false,"sceneViewState":{"showFog":true,"showMaterialUpdate":false,"showSkybox":true,"showFlares":true,"showImageEffects":true,"showParticleSystems":true,"showVisualEffectGraphs":true,"m_FxEnabled":true},"in2DMode":false,"pivot":{"x":14.06612777709961,"y":-16.035762786865236,"z":25.098129272460939},"rotation":{"x":0.2757966220378876,"y":0.30189573764801028,"z":-0.09170199185609818,"w":0.9079575538635254},"size":29.873912811279298,"orthographic":false}